model_name,drop,threshold,lr,batch_size,best_micro,macro_at_best_micro,best_epoch
late_fuse4layer,0.2,0.2,0.001,16,0.3793253221369625,0.1445669302451196,8
late_fuse4layer,0.2,0.2,0.001,32,0.37897104301377565,0.14618862684381417,10
late_fuse4layer,0.2,0.2,0.001,64,0.38612150878203283,0.16234220741785274,14
late_fuse4layer,0.2,0.2,0.0001,16,0.38411819021237303,0.1424512245745562,19
late_fuse4layer,0.2,0.2,0.0001,32,0.37848425493445836,0.11995112620789156,12
late_fuse4layer,0.2,0.2,0.0001,64,0.3852760736196319,0.12970028823964266,27
