model_name,best_micro,macro_at_best_micro,best_epoch,seed,test_micro_best,test_macro_best,en_best_micro,en_best_macro,fr_best_micro,fr_best_macro,ge_best_micro,ge_best_macro,it_best_micro,it_best_macro,po_best_micro,po_best_macro,ru_best_micro,ru_best_macro
baseline4layer,0.37674280628893503,0.11843128806795802,7,42,0.3755725190839695,0.11557740477363095,0.2971948445792267,0.2168274783457866,0.41025641025641024,0.1255899539113621,0.38005644402634053,0.12806956832686006,0.47178789938817134,0.1564851649091391,0.2793427230046948,0.06726414693005305,0.3753501400560224,0.14034396188622014
baseline4layer,0.38154831199068684,0.14749451567210287,14,65,0.3833634719710669,0.14898173260586803,0.2934426229508197,0.2260140121144986,0.4211344211344211,0.16439820645046885,0.38421052631578945,0.15641142460526158,0.46580907244414355,0.17514461593697223,0.30025445292620867,0.08075891926745236,0.3884297520661157,0.17693866610840328
baseline4layer,0.38268197007118987,0.13199271043930433,7,100,0.38321385902031063,0.13275504762893803,0.30381679389312977,0.2220867214992724,0.42701863354037267,0.15852212173058639,0.38461538461538464,0.14202155088746038,0.4669260700389105,0.15811985352304186,0.28350515463917525,0.0757150555876088,0.37597911227154046,0.1766754416145659
