model_name,best_micro,macro_at_best_micro,best_epoch,seed,test_micro_best,test_macro_best,en_best_micro,en_best_macro,fr_best_micro,fr_best_macro,ge_best_micro,ge_best_macro,it_best_micro,it_best_macro,po_best_micro,po_best_macro,ru_best_micro,ru_best_macro
baseline3layer,0.38737366745119756,0.16708879272060131,25,42,0.38884095484613174,0.17276603514459324,0.2953451043338684,0.22634317884792793,0.43333333333333335,0.21631783885378084,0.3955479452054795,0.17360593490220388,0.4721862871927555,0.1690186395092678,0.308584686774942,0.1093589103290177,0.3723404255319149,0.1822519040169609
baseline3layer,0.39061566049013746,0.15835769142791287,28,65,0.39114851176562254,0.1598310708972913,0.29906542056074764,0.22519967070313845,0.4409448818897638,0.21246984980203412,0.3901979264844486,0.1569905954606021,0.47522063815342835,0.16747740408608436,0.2884882108183079,0.09077637273485213,0.386013986013986,0.17169205534125084
baseline3layer,0.3917725013804528,0.1777875449223559,38,100,0.39366450683945287,0.1886086410609145,0.29508196721311475,0.23581933536311245,0.43937232524964337,0.2377673071739456,0.4027898866608544,0.1902579068104748,0.47095565271705186,0.18775060404537908,0.31505250875145857,0.11948119765011261,0.3788300835654596,0.1885947472832515
