model_name,best_micro,macro_at_best_micro,best_epoch,seed,test_micro_best,test_macro_best,en_best_micro,en_best_macro,fr_best_micro,fr_best_macro,ge_best_micro,ge_best_macro,it_best_micro,it_best_macro,po_best_micro,po_best_macro,ru_best_micro,ru_best_macro
early_fuse3layer,0.39093567251461986,0.16491279623334357,20,42,0.38733031674208146,0.16235604717536214,0.28771384136858474,0.23017931202434966,0.43846153846153846,0.20566955875603674,0.39200761179828736,0.1689978183168615,0.4768300873069174,0.1763766892628696,0.2967581047381546,0.09332773287227339,0.3817663817663818,0.18946122315687533
early_fuse3layer,0.38844481839854156,0.15949284063127936,15,65,0.38918606332224953,0.16256335347509,0.30465666929755325,0.22611795559470832,0.4421052631578947,0.2115466194754069,0.3914590747330961,0.1657564488816635,0.4708171206225681,0.16330549706089992,0.29931972789115646,0.09692429285446448,0.37305699481865284,0.18337085822471283
