model_name,best_micro,macro_at_best_micro,best_epoch,seed,test_micro_best,test_macro_best,en_best_micro,en_best_macro,fr_best_micro,fr_best_macro,ge_best_micro,ge_best_macro,it_best_micro,it_best_macro,po_best_micro,po_best_macro,ru_best_micro,ru_best_macro
early_fuse4layer,0.38170731707317074,0.1279297206961594,25,42,0.37693034982666246,0.1233233030318321,0.27986348122866894,0.21626620588456527,0.42946708463949845,0.16370947708796282,0.3829787234042553,0.12484674600802685,0.464857341684064,0.15367257167339857,0.27486910994764396,0.07837683983044139,0.36619718309859156,0.15763035573696105
early_fuse4layer,0.3783218871304867,0.12250755905102577,18,65,0.382112567463377,0.12245323724327124,0.3056910569105691,0.21606604996448753,0.4216300940438871,0.1620901876694267,0.38076923076923075,0.12630232359133473,0.46846846846846846,0.1431107673430939,0.29224904701397714,0.08116249222738713,0.3695345557122708,0.1728286703350642
