model_name,best_micro,macro_at_best_micro,best_epoch,seed,test_micro_best,test_macro_best,en_best_micro,en_best_macro,fr_best_micro,fr_best_macro,ge_best_micro,ge_best_macro,it_best_micro,it_best_macro,po_best_micro,po_best_macro,ru_best_micro,ru_best_macro
late_fuse3layer,0.3920384351407001,0.1787290017962993,26,42,0.3936830231246475,0.1915832601887785,0.3057419835943326,0.2404722681411206,0.4420289855072464,0.22648575201531754,0.39692044482463645,0.18786236635619555,0.4741110417966313,0.19155749201549338,0.3087885985748218,0.11793573272372572,0.380449141347424,0.1881779370396124
late_fuse3layer,0.38752469658481514,0.1549271372301019,10,65,0.3863536958740341,0.14649778335034266,0.2948207171314741,0.22111016429412836,0.43902439024390244,0.19821237766887528,0.3781362007168459,0.13513239786759132,0.4730077120822622,0.16397618830907443,0.3014018691588785,0.09295318750003757,0.37344398340248963,0.18700179641777254
