model_name,best_micro,macro_at_best_micro,best_epoch,seed,test_micro_best,test_macro_best,en_best_micro,en_best_macro,fr_best_micro,fr_best_macro,ge_best_micro,ge_best_macro,it_best_micro,it_best_macro,po_best_micro,po_best_macro,ru_best_micro,ru_best_macro
late_fuse4layer,0.37920749893481037,0.13596126089443816,11,42,0.38380281690140844,0.1372908048739693,0.28171206225680934,0.2191735629308634,0.4294205052005943,0.17296975478897994,0.38061041292639136,0.15020179416197266,0.4683377308707124,0.15478319568647778,0.31272727272727274,0.09333937448189635,0.38904109589041097,0.18533589902839076
late_fuse4layer,0.38394311953784627,0.15470141046851485,12,65,0.38360755636806826,0.14938630565379352,0.28774703557312253,0.22218612300220872,0.4200477326968974,0.177136560889485,0.3915441176470588,0.15973461026464864,0.46074646074646075,0.16943401184702675,0.3002754820936639,0.10071194559172833,0.39465875370919884,0.19823839372801852
