model_name,best_micro,macro_at_best_micro,best_epoch,seed,test_micro_best,test_macro_best,en_best_micro,en_best_macro,fr_best_micro,fr_best_macro,ge_best_micro,ge_best_macro,it_best_micro,it_best_macro,po_best_micro,po_best_macro,ru_best_micro,ru_best_macro
late_fuse2layer,0.39124648824486175,0.17261671866497122,14,42,0.39382829208677056,0.18090333709589768,0.2689655172413793,0.21988067873228942,0.452253628724217,0.22566932788578697,0.39849624060150374,0.1783667627924426,0.48598130841121495,0.1909063642830824,0.3146067415730337,0.11158730562812345,0.37815126050420167,0.18971590675029343
late_fuse2layer,0.39097521151848,0.16060230931212144,13,65,0.3845098338161305,0.15773982028801103,0.28402366863905326,0.2193253393630295,0.4409695074276779,0.19099965512174313,0.38353601496725914,0.1656786762415288,0.4731182795698925,0.17296740748699851,0.2906832298136646,0.09252824241877242,0.3727891156462585,0.1855218264632416
late_fuse2layer,0.3957738435179897,0.18004489225199125,23,456,0.39383259911894275,0.1894324605099873,0.28548644338118023,0.22956463072634303,0.446064139941691,0.23521534380370032,0.40582347588717016,0.19498607166056905,0.484,0.18182755991382765,0.31009615384615385,0.11374730626283937,0.3745019920318725,0.19228941766150492
late_fuse2layer,0.39360140886410333,0.173877366522273,18,789,0.3928408918549977,0.17827598068546707,0.28329092451229854,0.22868517472339162,0.4444444444444444,0.21041115424145487,0.4030274361400189,0.1866865498126747,0.47930574098798395,0.17945543901029137,0.31,0.1088067614762672,0.375,0.1832223540407684
late_fuse2layer,0.39386889284247983,0.18040529566629437,17,100,0.39137833238797504,0.185640758718774,0.30185873605947955,0.23103877543939266,0.44412607449856734,0.2312537100054359,0.39372822299651566,0.18126509948149996,0.4789808917197452,0.19140434565308934,0.30288461538461536,0.10358415879143888,0.36530880420499345,0.18114777817976968
