model_name,best_micro,macro_at_best_micro,best_epoch,seed,test_micro_best,test_macro_best,en_best_micro,en_best_macro,fr_best_micro,fr_best_macro,ge_best_micro,ge_best_macro,it_best_micro,it_best_macro,po_best_micro,po_best_macro,ru_best_micro,ru_best_macro
baseline2layer,0.392414088122059,0.15995254679298787,30,42,0.38876504681230495,0.16309475691650097,0.2907069102462272,0.21943392110285537,0.43950995405819293,0.20091681232327033,0.3996399639963996,0.1795594306758815,0.47455386649041637,0.1709954915945188,0.3001230012300123,0.09450867519401276,0.3713892709766162,0.18466565324298786
baseline2layer,0.38998682476943347,0.15505831268105508,25,65,0.3891858866656484,0.15994027936321442,0.29333333333333333,0.218903413525442,0.43696162881754114,0.2016393489171882,0.40073193046660566,0.17405027541685697,0.4735413839891452,0.1654518782122148,0.29591836734693877,0.09033504017013072,0.37552155771905427,0.1907014239221685
baseline2layer,0.39217429968875056,0.16379971042347358,29,456,0.3942927278306229,0.17249729539812328,0.2937181663837012,0.22112996178543246,0.44254658385093165,0.21215310258783915,0.4053030303030303,0.17568947205788116,0.47741065407956845,0.18104888977154093,0.30423940149625933,0.10611520296924068,0.3853727144866385,0.1899475145335961
baseline2layer,0.3921962415722278,0.1633514395695263,30,789,0.3888806742569865,0.16688564106951836,0.2991107518189167,0.2239523217592454,0.43829468960359014,0.2092935237340753,0.3871543264942016,0.1636603352317563,0.4726793943383805,0.17431637992024374,0.3097560975609756,0.1022430577266808,0.3676268861454047,0.18656158353250596
baseline2layer,0.3934377771208986,0.1612238618087312,22,100,0.3867504983898175,0.15789771028982671,0.29142381348875934,0.2179173326430954,0.44133644133644134,0.20683852987782367,0.38846153846153847,0.156509884582511,0.4706666666666667,0.16050389167204254,0.29571984435797666,0.08867000733194173,0.3684210526315789,0.17852755389247185
