model_name,best_micro,macro_at_best_micro,best_epoch,seed,test_micro_best,test_macro_best,en_best_micro,en_best_macro,fr_best_micro,fr_best_macro,ge_best_micro,ge_best_macro,it_best_micro,it_best_macro,po_best_micro,po_best_macro,ru_best_micro,ru_best_macro
early_fuse2layer,0.3881019830028329,0.15846389469690078,20,42,0.3861082737487232,0.16351833643988758,0.2918918918918919,0.22216490048580015,0.4389513108614232,0.19849379900750846,0.3902877697841727,0.16986286347470764,0.4678362573099415,0.1744573536266308,0.30133657351154314,0.10164018615972648,0.37383177570093457,0.18412348950946622
early_fuse2layer,0.39156542382348836,0.16522958539283855,15,65,0.38742857142857146,0.16791343574005707,0.30102442868400314,0.22485116108215575,0.4334763948497854,0.20521271758704743,0.3944636678200692,0.18087243315905124,0.467680608365019,0.17565710810206547,0.2898203592814371,0.08629876568852209,0.3769633507853403,0.20128999144949067
early_fuse2layer,0.3884459154505792,0.1472974452730525,16,456,0.3820886272079331,0.14326406910986703,0.296,0.2200017174833135,0.42628205128205127,0.1746752616154121,0.3738140417457306,0.14577776044710644,0.4794996525364837,0.1662544049177283,0.29023746701846964,0.08191294303353777,0.36879432624113473,0.1787235505061677
early_fuse2layer,0.3888722704157942,0.15000752648233157,14,789,0.3833846153846154,0.14835113544940245,0.29276315789473684,0.21933524160463433,0.4251968503937008,0.17545714852189456,0.38924930491195553,0.1699321095017717,0.4772263766145479,0.16771242321896138,0.2898172323759791,0.08381676025079131,0.36103151862464183,0.1656218221227449
early_fuse2layer,0.3889686871588624,0.1489046361924992,20,100,0.38219741480611047,0.15420315877751606,0.2968980797636632,0.22205971525035484,0.4327217125382263,0.19555672687332357,0.38333333333333336,0.15942451099714572,0.47323198942498346,0.16756991937797877,0.2853598014888337,0.08542829587946874,0.3668005354752343,0.17431080678276079
